{"cameraMode":{"drawMode":0,"name":"Shaded","section":"Shading Mode"},"sceneLighting":true,"audioPlay":false,"sceneViewState":{"m_AlwaysRefresh":false,"showFog":true,"showSkybox":true,"showFlares":true,"showImageEffects":true,"showParticleSystems":true,"showVisualEffectGraphs":true,"m_FxEnabled":true},"in2DMode":false,"pivot":{"x":-224.1377410888672,"y":-17.08074188232422,"z":238.18231201171876},"rotation":{"x":-0.03310021385550499,"y":0.41078540682792666,"z":-0.014910753816366196,"w":-0.9110347628593445},"size":165.4278106689453,"orthographic":false}