{"cameraMode":{"drawMode":0,"name":"Shaded","section":"Shading Mode"},"sceneLighting":true,"audioPlay":false,"sceneViewState":{"m_AlwaysRefresh":false,"showFog":true,"showSkybox":true,"showFlares":true,"showImageEffects":true,"showParticleSystems":true,"showVisualEffectGraphs":true,"m_FxEnabled":true},"in2DMode":false,"pivot":{"x":19.945772171020509,"y":19.038305282592775,"z":32.825340270996097},"rotation":{"x":0.17393165826797486,"y":-0.5632562041282654,"z":0.12270625680685044,"w":0.7983970046043396},"size":2.9727964401245119,"orthographic":false}