{"cameraMode":{"drawMode":0,"name":"Shaded","section":"Shading Mode"},"sceneLighting":true,"audioPlay":false,"sceneViewState":{"m_AlwaysRefresh":false,"showFog":true,"showSkybox":true,"showFlares":true,"showImageEffects":true,"showParticleSystems":true,"showVisualEffectGraphs":true,"m_FxEnabled":true},"in2DMode":false,"pivot":{"x":-11.409078598022461,"y":-0.9136242866516113,"z":43.441505432128909},"rotation":{"x":-0.12471558153629303,"y":0.3231774568557739,"z":-0.043010659515857699,"w":-0.9370980262756348},"size":20.22369956970215,"orthographic":false}